"CW","Random"
0.868456002405613,0.895691394771626
