"Moves","Deviation"
2,0.87525044603254
3,0.906931360717833
4,0.869307810653952
5,0.998275757251968
6,0.877878494561741
7,0.920164610085568
8,0.962851780199739
9,1.00144855608486
