Exchange,Insert
1.22936716318559,0.875556167165916
