"ILS","Memetic"
0.870115781277832,1.34726489446107
