Exchange,Insert,Transpose
1.5150905725353,1.63423423681914,3.19587955641965
