"PopSize","Deviation"
10,1.50423974392325
20,1.58961685873238
50,2.65666399328396
100,2.67821974835604
200,2.62712798349293
