"PopSize","Deviation"
10,1.41287139448583
20,1.32523316947433
50,1.52949705199588
100,1.80262598040991
200,1.98411807563732
